Text,score,label
 ????????ï¿½?? ??????????ï¿½?? ,0.009233339689671993,0
 Berner Lenny ,0.0055273352190852165,0
 Cheyenne ,0.006048676325008273,0
 LetsGoBrandon!,0.09521771967411041,0
 Tekki the Fairy ,0.010764594189822674,0
 meimei @ ew spoilers,0.006158304866403341,0
 planet mars is team strange .? .?,0.00755650456994772,0
 planet mars is team strange .áŸ .áŸ,0.00755650456994772,0
 â€¢ Mğ–ğ–ˆğ–ğ–†ğ–Šğ–‘ â€¢ ,0.012002617120742798,0
 ï¿½ M???????????? ï¿½ ,0.012002617120742798,0
*LIVE* Rexium,0.006457698531448841,0
*mags is celebrating mitch day*,0.03399641951546073,0
- Poppi QT? -,0.005800882121548057,0
- Poppi QTÏ€ -,0.006766348301122586,0
2022 49ers will be cause for day drinking,0.06595863401889801,0
3AW Melbourne,0.0068051498383283615,0
4,0.00943826511502266,0
45+JFKJRISALIVE,0.006157632917165756,0
777,0.008152241818606853,0
= + =,0.006277941167354584,0
?,0.007552208728156984,0
? ?? ? kristine,0.008537797722965479,0
? ?????????????? ?????????????????????? ?||RP,0.005747178724656503,0
? ??bambi: astro brainrot actually???,0.0073199644684791565,0
??,0.030110536608844995,0
?? ?????????????? .? ,0.01946359872817993,0
?? tina,0.005971384700387716,0
?? | fuwa,0.007569500245153904,0
??(((,0.010491060791537166,0
???,0.007822728715837002,0
??? ???,0.03384558390825987,0
??? ???????????,0.008135802112519741,0
???'??* ,0.007038558833301067,0
????,0.03589253593236208,0
???? ????,0.050549231469631195,0
????? ?????????,0.0077031191904097795,0
??????,0.020176948606967927,0
?????? ????????????,0.050549231469631195,0
????????,0.18174088245723397,0
???????? ?.?????,0.00961168110370636,0
???????? ????? ??????? josh,0.0077839018777012825,0
???????? ??????????????,0.006524290191009641,0
???????? ????????????????????,0.8839489221572876,1
????????!,0.010051550623029471,0
?????????? ,0.008164944127202034,0
?????????? #BELIEVEBRITNEY #FREEKESHA #FREEAMANDA,0.015456726308912039,0
?????????? ???? ??????????,0.010235367342829704,0
???????????,0.012621976302138396,0
????????????,0.09629526734352112,0
????????????.??.????????-?,0.007601821329444647,0
?????????????? ????????????.,0.0135387247428298,0
?????????????????? ???????????????? ?????? (H),0.012408089824020863,0
???????????????????? ????????????,0.011477931402623653,0
?????????????????????????????? ?,0.009528874419629574,0
????@?ï¿½????????,0.050549231469631195,0
????ï¿½??????????,0.013260429725050926,0
??D PILL L?D ,0.014726469293236732,0
?LEADER OF OLD SPORT CULT?,0.006354242563247681,0
?Ms,0.1482224278151989,0
?Raskolnikov?,0.007109062280505896,0
A View From the Peanut Gallery,0.008439650759100914,0
A mais bela,0.006566053256392479,0
ABC News,0.006052681511001927,0
ABC7 News,0.007557151839137077,0
ALASTAIR CAMPBELL,0.015829775482416153,0
AN,0.007073423825204372,0
AXS,0.00984926987439394,0
Aaron ,0.007378995418548584,0
Aaron Ginn,0.009406549856066704,0
Abandon their technocratic monstrosity.,0.006535047199577093,0
Abu-Faisal ???? ????,0.019044702872633934,0
Abu-Faisal ØµØ§Ø¨Ø± Ø±Ø¨Ø§Ø·,0.019044702872633934,0
Adam Gaertner ,0.01493575144559145,0
Adam Kinzinger,0.006802233401685953,0
Adam Selene ????,0.00609204825013876,0
Adam Selene ÙƒØ§ÙØ±,0.00609204825013876,0
Adelfar,0.010145819745957851,0
Affronter ,0.00944332592189312,0
Afghan Millat #FreeAfghanistan,0.011869065230712295,0
Ahmed Ali,0.005637127440422773,0
Aimke,0.028889240697026253,0
Aisha Hakim (ae-sha hay-kim),0.007199515122920275,0
Al E.,0.011232887394726276,0
Alaska,0.009605947881937027,0
Albotron:2084,0.01003445778042078,0
Alex Bryan,0.01705808303086087,0
Alex deGrasse,0.008229618892073631,0
Alexandra,0.006547394208610058,0
Alicon ( COMMISSIONS OPEN ),0.009166399948298931,0
AlternateHistoryHub,0.07210060954093933,0
Alton Brown,0.006881700828671455,0
Alyssa,0.006677130935713649,0
Amanda,0.006017645355314016,0
Amanda ,0.03188153123483062,0
Amanda Christmas #ramranchresistance,0.005791904404759407,0
Amy,0.007860493380576372,0
An American Trans Werewolf in Brooklyn,0.010697885416448116,0
Anarcho Bonobo,0.01697849330957979,0
Andre Gray,0.005711797159165144,0
Andrew Baback Boozary MD,0.005805458407849073,0
Andrew Lawton,0.026229362934827805,0
Andrew MS,0.048247482161968946,0
Andrew Matthews,0.010291561484336853,0
AngrySomeone,0.016767245437949895,0
Anne Jackson,0.007925904355943203,0
Ansem,0.006997562246397138,0
Antimony ??,0.007549370173364878,0
Appalachian Enthusiast,0.006112381350249052,0
Archie,0.046891898615285754,0
Ares,0.019069019705057144,0
AriL ,0.0057171182706952095,0
Arren ,0.005656256806105375,0
Art TakingBack ,0.0067140283063054085,0
Attack on Titan,0.03198995441198349,0
Aurora F.B.,0.007834112737327814,0
Awesomesaucette,0.008938698098063469,0
B,0.008738920837640763,0
B ,0.5128891263157129,1
BBC Sport,0.007764608599245548,0
BMitch & Finlay,0.005746052600443363,0
BNN Bloomberg,0.007876202464103699,0
BRYCHAM,0.006611251272261143,0
Bailient,0.006174788810312748,0
Barstool Sports,0.005281341262161732,0
Bash,0.008410532958805561,0
Bastard BjÃ¶rk,0.006417667958885431,0
Baza (Still a Fox ,0.007297968026250601,0
Bear,0.006337977712973952,0
BeardedBrownMan,0.008645224384963512,0
Bela TreÅ¡nja ,0.008258363232016563,0
Bela Treï¿½nja ,0.008410976268351078,0
Ben ?,0.0075989980250597,0
Bendix,0.007042586104944348,0
Bengal Jimâ€™s  BTR,0.015519784763455391,0
Bengal Jimï¿½s  BTR,0.015519784763455391,0
Benny Blanco,0.010185923427343369,0
Bernard B. Kerik,0.005430480930954218,0
BigmothufackingD,0.6509290933609009,1
Bill Glahn,0.0332476869225502,0
Billy Misanthrope ,0.008953303331509233,0
Bleeding Burgundy Podcast,0.006534102838486433,0
Blendeezer (Hosting Giveaways/Trading Skins),0.0070984140038490295,0
Blockchain Backer,0.005584510043263435,0
Bo,0.006140597630292177,0
Bob in Houston,0.03407280892133713,0
Bobby Livingston,0.0066677783615887165,0
Bobby Pineapples,0.021997779607772827,0
"Bohumil Hairball, Vortex of Eternal Ukraine ",0.006140931975096464,0
Bold & The Beautiful,0.005599236115813255,0
Brady Patton,0.011401455383747816,0
Brass Time,0.007774225901812315,0
Bravo_Obsessed ,0.006164003629237413,0
Brent Wallace,0.004991790745407343,0
Brett Forester,0.008692935574799776,0
Brian McNamara,0.009506779257208109,0
Brielle,0.009209053125232458,0
Brody ,0.010414689313620329,0
BrooklynDad_Defiant!,0.009037957371522983,0
Bryant Curtis,0.00803020503371954,0
Bryn,0.16075363755226135,0
Bumble,0.006680952617898583,0
Buttons,0.008859309367835522,0
C3 Fan Account ,0.008325558505021036,0
C?r?v?v?s?Y?,0.007073827786371112,0
CBS Evening News,0.0053129359148442745,0
CBS News,0.005969987250864506,0
CICI NICOLE,0.03997933445498347,0
CLUTCH RIPZ,0.019876232370734215,0
CNN Politics,0.006031898315995932,0
CTV News Vancouver,0.005421268753707409,0
Canadians United & Canada's Freedom Radio,0.027890644967556,0
Candice Bergen,0.14315766375511885,0
Candice Malcolm,0.0059299166314303875,0
Canopus tbh,0.011930189095437527,0
Cari Canuck BOOSTED and MASKED!,0.39711567759513855,1
Carolyn,0.009284631349146366,0
Catherine,0.006849737372249365,0
Cathy Russon,0.005190995987504721,0
Catturd â„¢,0.014661264605820179,0
Catturd ï¿½,0.014661264605820179,0
Caudillionaire,0.0064139654859900475,0
Cedric,0.008670524694025517,0
Cernovich,0.013856407720595598,0
Chandler Crump,0.17671087384223938,0
Chantal ?,0.00689117144793272,0
Chantal â“‹,0.00689117144793272,0
Charl,0.07948315081497033,0
Charles Dickens,0.009594895876944065,0
Chelle,0.007664815988391638,0
Choko Publisher,0.009824288543313742,0
Chris Warkentin,0.0059285571333020926,0
ChrisSchell96,0.008878061547875404,0
Chuggaaconroy,0.0061853484250605105,0
Cindy Schwind,0.004945644410327077,0
City Girl.,0.032059404999017715,0
Claire McCaskill,0.009183401241898537,0
Claris,0.005179754691198468,0
Clay Travis,0.015652447938919067,0
Coco Moloco,0.005730743519961834,0
Coco-DiloR,0.007945756427943707,0
Colebowl,0.0052225468680262566,0
Colleen-Future4Fairgrounds,0.005854205461218953,0
Comandante Shepard,0.005909906234592199,0
Comedor de Prego,0.007550970651209354,0
Comentando,0.006138846976682544,0
Commander Megatron,0.005643934011459351,0
Conor,0.03297369114377282,0
Conor Forbidden West,0.0048570281360298395,0
Conteisthegoat,0.008439018856734037,0
Corentin,0.006417667958885431,0
Corndalorian,0.017002182081341743,0
Cory,0.006409974303096533,0
Cory Roberson,0.01155080832540989,0
Cowboys Stats & Graphics,0.013649314641952515,0
Cozmo,0.006492723245173693,0
Craig Johnson,0.13629503473639487,0
Curtis L Reid,0.008810222148895264,0
Cylieee,0.0082626782823354,0
CÌ¶rÌ¶vÌ¶vÌ¶sÌ¶YÌ¶,0.006940447725355625,0
Cï¿½lia,0.008625487796962261,0
D A H E E R,0.0069181425496935844,0
D' Alessandro,0.00820512417703867,0
DJ Bien-Aime,0.005531357601284981,0
DJDebs,0.008560913149267435,0
Daily Mail U.K.,0.005187665112316608,0
Daily Wire,0.016950148157775402,0
Damien Cox,0.006743255537003279,0
Dan Rapaport,0.005326381418853998,0
Daniel L Saikali,0.013851274852640927,0
DasGud,0.006546297576278448,0
Daughter of Mindanao,0.007447311654686928,0
Dave Foley,0.0062191869753102464,0
Dave Rubin,0.13558526965789497,0
Dave Tuskey,0.007438187953084707,0
David Bennett,0.011949011124670506,0
"David Boulware, MD MPH",0.00983094951758782,0
David Woods,0.010373720899224281,0
Dawn,0.017735235393047333,0
DaytimeNurse ,0.00712628522887826,0
Dean Skoreyko,0.013265502639114857,0
Death in Paradise,0.4601116180419922,1
Deb,0.007208846043795347,0
Deb's World,0.006443149410188198,0
Deborah Donohoe (DoubleD,0.006152135785669088,0
Deezisit,0.015268847967187563,0
Denise Wu,0.014912678394466639,0
DeputyDave,0.006049158982932568,0
Diana Anaya No Dm's,0.008316089399158955,0
Disclose.tv,0.009173786267638206,0
DisturbedEarthâ„¢,0.007968246005475521,0
DisturbedEarthï¿½,0.007968246005475521,0
Doc Pox,0.006191038992255926,0
Dokkan Fan Account,0.0063494122587144375,0
Donald Trump Jr.,0.05979215633124113,0
Doodybeard Entertainment Jones,0.008016232401132584,0
Doodybeard is LIVE ON TWITCH!,0.008016232401132584,0
Doofy.eth ,0.009288276080042124,0
Dooner ,0.08054665476083755,0
Doug Ford,0.012852183310315013,0
DouglasStreet,0.008807581849396229,0
Dr Adrian Heald,0.011724869720637798,0
Dr Beth Parton,0.017391392961144447,0
Dr Jordan B Peterson,0.0055512781254947186,0
Dr. Bird,0.006116487551480532,0
"Dr. Polar Bear, Ph. D",0.007311356253921986,0
Dr. Steve Turley,0.9008998274803162,1
Duncan Ferguson,0.01291104918345809,0
DyllonKG,0.00717891426756978,0
E,0.20064133405685425,0
EL,0.012143589556217194,0
ESPN,0.005348851904273033,0
Edward Snowden,0.0068014797288924456,0
Ells ,0.05652852728962898,0
Elon Musk,0.023163760546594858,0
Emer,0.007493316661566496,0
Emily Andrews,0.005675979983061552,0
Employed anime protagonist,0.008247580379247665,0
Eric,0.01762842775012056,0
Erin Elizabeth Health Nut News,0.005763595458120108,0
Erin in PDX and Rome,0.00959801860153675,0
Eshelle,0.008718869648873806,0
Eze Severi ?,0.007136548403650522,0
Eze Severi â,0.006733368616551161,0
Ezra Levant ,0.01145426370203495,0
FAHQ,0.978438138961792,1
FPL Mihir,0.005864348262548447,0
Fanboi,0.00774539727717638,0
Fat Apollo,0.01456355582922697,0
Father Falafel.,0.006143133156001568,0
Fearless Soul ,0.006736456416547298,0
Firas Zahabi,0.006830272264778614,0
Forno,0.02470720373094082,0
Fox News,0.005479744635522366,0
FoxPug ,0.009737852029502392,0
Franck I am,0.17638140730559826,0
Frank D'Elia,0.009313668124377728,0
Frazer.eth,0.014465509913861752,0
Frost Wolf,0.014835361457828964,0
Funding Secured,0.006107082357630134,0
G,0.009002012200653553,0
GANOKIDS,0.0051348465494811535,0
GB News,0.017168652266263962,0
GET THEE VACCINATED OR GET THEE A TOE TAG.,0.0048289126716554165,0
Gabriel ,0.0074822199530899525,0
"Gabriel Elvery, licenced neurotypical ",0.007314495897541444,0
Gaia ,0.005456598475575447,0
Gajo,0.007205597357824445,0
Game_Doctor24,0.007309302221983671,0
Gary Carman,0.006327623501420021,0
Gary Mason,0.005860249977558851,0
Genshin Impact,0.005651357118040323,0
Gentle Warrior ,0.06499751657247543,0
George Papadopoulos,0.045387256890535355,0
Gerard Verterano,0.009178109467029572,0
Girlireland37 ,0.008266291581094265,0
Glenn Manuel,0.011993424035608768,0
Glenni,0.011884924955666065,0
God's Man,0.006611031945794821,0
GonÃ§aberto,0.006306225899606943,0
Gonï¿½aberto,0.0064331660978496075,0
Gopi,0.0077891177497804165,0
Greg Abbott,0.015162644907832146,0
Greg Jericho,0.012284885393455625,0
HANMA SHUJI COMEBACK !!! || CEO OF THE UZUI FAMILY,0.00681861008827885,0
HUPPERTON,0.022715482860803604,0
HYPEX ,0.0077055939473211765,0
Hamburger Josh,0.021589063107967377,0
HardFckErDaks,0.00701364828273654,0
Hayden Doumergumedov,0.0077742221765220165,0
Hayley Nicholas,0.050070384866558015,0
Heartkween,0.006642349064350128,0
Heartland Signal,0.005749387200921774,0
Heidi Stevens,0.006230490747839212,0
Heisenberg Francuski Crnogorac,0.013046610169112682,0
Henrique Rezende,0.008909076126292348,0
Hi Jing,0.0071440173002580805,0
High Score Tees,0.008767676539719105,0
"Hilltop Sanctuary, Ireland",0.006782421143725514,0
Howard Beckett,0.007909360807389021,0
HuskE,0.1649095476604998,0
IAmMcWolf,0.010686133056879044,0
Ian Miles Cheong,0.019258543848991394,0
Idrissou,0.0070978496223688126,0
Imeekasim ??,0.009226026944816113,0
Imeekasim ğ“ƒ°,0.007717708125710487,0
ImperiumEmpires,0.006279538851231337,0
In Freddie Fucci we trust,0.0054215434938669205,0
Indivisible EurekaSp Relentless and Implacable,0.01672615483403206,0
It Will NEVER Be You ,0.029178481549024582,0
ItsMe James,0.01076563447713852,0
J & M,0.008676014840602875,0
JADEN,0.007877796655520797,0
JDPower no associates,0.05502891296055168,0
JFT Shogun,0.009275287389755249,0
JKash ,0.009032542817294598,0
JLW powerful poetry knight,0.0059227729216217995,0
JUSTICESEEKER,0.010175822302699089,0
Jack,0.01781810261309147,0
Jack Cocchiarella,0.005767000373452902,0
JahlilmusicJa,0.03693277761340141,0
Jake,0.00975670525804162,0
Jake Shields,0.008288655895739794,0
Jakub Stawski,0.007849684916436672,0
"James Lindsay, useful degenerate",0.016920773312449455,0
James McGrew,0.00812152773141861,0
James Willby ,0.330280065536499,1
JamesRuleXRP,0.007797613274306059,0
Jamie Jenkins,0.008312419056892395,0
JanHarbaugh,0.007678301772102714,0
"Jaroslaw ""Jerry"" Waszczuk",0.6193504333496094,1
Jason Kinsley-Willis,0.006446502171456814,0
Jatara McGee WLWT,0.005797467194497585,0
Jeff Pearce,0.006216987036168575,0
Jeff Saunderson,0.012041979469358921,0
Jelena ,0.007911448366940022,0
Jelena2020,0.00831053894944489,0
Jen,0.006288888864219189,0
Jenny,0.006498042494058609,0
Jeremiah,0.00705048453528434,0
Jessica Pickett,0.006090135313570499,0
Jo Speaks,0.013060959056019783,0
JodiCab says Mardi On! ,0.006993553601205349,0
Joe Blo,0.006141656544059515,0
John Peterson,0.03205481916666031,0
John Rich,0.02571576088666916,0
JosuNuverz/ï¿½?ï¿½,0.008774549700319767,0
Journalist Dr Kemi Olunloyo,0.006972786504775286,0
Jovana,0.007963761687278748,0
JsAp,0.006032738834619522,0
Juanita Iguana ,0.0101682273671031,0
Jugo fan #2 de The ghost and Molly Mcgee,0.008619794505648315,0
Julia,0.8983483910560608,1
Julie Mclaughlin,0.028538454324007034,0
Julio Ricardo Varela,0.050262617878615856,0
"Junior Vengolor ~ big, on priv",0.022847319021821022,0
Justin Hart,0.020627185702323914,0
Justin Trudeau,0.007378201582469046,0
K H A L I L L U L L A H,0.006840588757768273,0
K2,0.019826779142022133,0
KELOLAND News,0.005094977095723152,0
KITV4,0.007056117057800293,0
Kamen_Humskiâ„¢,0.008203964680433273,0
Kamen_Humskiï¿½,0.0083027807995677,0
Kara,0.03221159242093563,0
Karabo,0.5225860476493835,1
Karen Hollis,0.017955106450244784,0
Karl BÃ©langer,0.004789222497493029,0
Karl Bï¿½langer,0.004789222497493029,0
Karl Rudakov,0.006229944061487913,0
Kassia ,0.008550646714866161,0
Kate,0.006836956134065986,0
Kate ,0.00827531167306006,0
Kathy Griffin,0.008234532549977303,0
Katya Kotlyar,0.005254918476566672,0
Keaton Belliston ,0.0182968657463789,0
Keean Bexte,0.009774972684681416,0
Keelan Leeper ,0.009927935898303986,0
Kel :),0.007824269123375416,0
Kelly,0.008901147171854973,0
Ken Johannesen,0.005738364532589912,0
Kenty,0.007299217861145735,0
Kerry N. Moore,0.006966849789023399,0
Kevin Alan Leversee ContentDragons,0.00698707764968276,0
Kevin Goheen,0.0050202831625938416,0
Khitha,0.02491414174437523,0
Kiah Danielle,0.0069057997316122055,0
Kimi,0.006926964037120342,0
Kimmy J ,0.00543491099961102,0
King Arthur,0.006484256591647863,0
Kirisu,0.007663042284548283,0
Kirsten,0.9784391522407532,1
Kit,0.01249296497553587,0
Kole,0.007200148887932301,0
Krayonic,0.009702710434794426,0
Krypt0Kyl,0.009630482643842697,0
Kulvinder Kaur MD,0.007139545865356922,0
Kyle Griffin,0.0056176092475652695,0
LEOH | mood scarf MAXINE MILES ERA,0.005910742678679526,0
LJ Artica O.O Mobile Media Mania,0.011426884680986404,0
La Senyera,0.00797836109995842,0
Lacy Crawford,0.0064063131576403975,0
Larz Justice,0.029660534778875963,0
Laura,0.11384467035531998,0
Laura Dodsworth,0.021050441078841686,0
Lauren Boebert,0.008991451933979988,0
LeWoy Smith Jr.,0.00730233546346426,0
LeafSwan #ArtFirst ,0.015817730221897364,0
Leggy Mountbatten,0.00494798831641674,0
Lem ?,0.006753616966307163,0
Lem â™¡,0.006753616966307163,0
Lenore S Clemens,0.1241731271147728,0
Lesley Podesta,0.008606791961938143,0
Let Me Pitch,0.022562867030501366,0
LetalisArtis,0.005484539084136486,0
Libertygal - I am a trucker,0.008582433685660362,0
Libs of Tik Tok,0.005885974504053593,0
LikeWaterForChocolate ???????? ,0.006512945983558893,0
LikeWaterForChocolate ğŸ…’ğŸ…—ğŸ…ğŸ…’ ,0.006512945983558893,0
Lil Rodney son,0.00939502869732678,0
Lincoln Jay,0.009573817253112793,0
Lisa B,0.004866121802479029,0
LisaXX,0.03262198530137539,0
Little Dream,0.00790111068636179,0
Lived To Tell,0.013688956201076508,0
Loicsentai,0.008291536709293723,0
London Royal Ravens,0.012559926137328148,0
LoneVaultWanderer,0.005897741531953216,0
"Lord Oliver Winston Butters,First Duke of Meatloaf",0.006216329988092184,0
Louisa Clare,0.011686217039823532,0
LuLu boom boom Roche,0.007411189377307892,0
Lucifer ,0.007862367201596498,0
Luis,0.13424237072467804,0
Luis Lewis,0.00697169010527432,0
Luna,0.285942693906171,1
Lynne 132637,0.5372848883271217,1
Lynnelovesroses,0.006234340835362673,0
M4ycrowave ,0.006308254785835743,0
MC,0.04425846412777901,0
MC_ Mhlakazi Dlamini,0.026389545761048794,0
MSNBC,0.03663024678826332,0
MaKin,0.032327160239219666,0
Mack #2053,0.020229898393154144,0
Mackenzie Gray,0.015671981498599052,0
Madeleine Emerald,0.007595208706334233,0
MaevilQueen,0.45319467782974243,1
Maggie,0.009802518878132105,0
Makingmoney2020,0.007554198149591684,0
Malcolm Smith,0.008748113177716732,0
Malika,0.004879731684923172,0
Marek Eby,0.015161256305873394,0
Marie Oakes,0.03138022148050368,0
Martin Uecker,0.007789456285536289,0
Marx,0.005667175864800811,0
Mary Talley Bowden MD,0.00648509175516665,0
Masaku,0.005281378980726004,0
Maylee the rescue pup,0.005886321887373924,0
Mc Nelly Torres,0.01989898458123207,0
Meii,0.005587579682469368,0
Melinda Grabler,0.006574032828211784,0
Melissa 4 Freedom ,0.00676788529381156,0
Micah Blake McCurdy,0.006268601398915052,0
Michael B. Lynch,0.006849474739283323,0
"Michael Cooper, MP",0.014239008538424969,0
Michael McFaul,0.005347367841750383,0
Michael Smerconish,0.008359457366168499,0
Michelle Langstone,0.005686386022716761,0
Mick Gallacher,0.0067051430232822895,0
Mickalicious,0.010617570951581001,0
MicroMatscenes,0.006949892325792462,0
Mike,0.007645064033567905,0
Mike ,0.03910369100049138,0
Mike Bradberry,0.006715640891343355,0
Mike Chiocci ,0.006401045713573694,0
Mike Gapes,0.0052327788434922695,0
Mike Pence,0.005080957431346178,0
Minkiemom,0.0062485262751579285,0
Misanfrog,0.013366186060011387,0
Mismagius / Blue Dragon,0.009243492037057877,0
Misty Tat ,0.006824145093560219,0
Mizuto,0.007410208694636822,0
Moat#4213,0.011998747009783983,0
Molly Hodgdon,0.006764202068249385,0
Mom 'n' Pop Landlord,0.010192326528744565,0
Monica Matthews On Air,0.005979924462735653,0
Mononoke NFT,0.006834631320089102,0
Moon Rock,0.006198004819452763,0
Moralni An?eo,0.007456531515344977,0
Moralni AnÄ‘eo,0.008244558237493038,0
"Morgan ""Solo Lady"" Sanchez",0.011826727539300919,0
Moxie Boosted,0.008691000752151012,0
Mrs. Uzui,0.006670699920505285,0
MsFreedomWatch,0.14295955800584384,0
"Mueller, She Wrote",0.0056101479567587376,0
MuraSora | pngtuber (trying),0.006244315300136805,0
Mx. Eric Reiter | they/them,0.0064381943084299564,0
MÃ¶th,0.009351754561066628,0
Mï¿½th,0.010579004883766174,0
N-Word R Murrow,0.008832101710140705,0
NDTV India,0.02643566858023405,0
NFT2040 : Arena,0.006125901360064745,0
NINILAN,0.01532498953331794,0
Nailea Salgado,0.016715561971068382,0
NasaGrace,0.020636693264047306,0
Ned Fulmer,0.009623848833143711,0
Neil Bennett & Moose ,0.018555497284978628,0
Neil Oliver,0.006926501169800758,0
Neumriva,0.006636593956500292,0
Neurodivergent Scientist (they/them),0.007273309398442507,0
New Years glasses on a pumpkin,0.006218800786882639,0
New York Post,0.006725973449647427,0
Nicholas Ahmadi,0.013451515696942806,0
Nick,0.00620306795462966,0
Nicole Becker,0.008562620729207993,0
Nigel Farage,0.012548285536468029,0
Nikki Fried,0.008380176033824682,0
Nina Infinity ,0.006653564982116222,0
No Lie with Brian Tyler Cohen,0.005441168788820505,0
No To Indy ,0.008427866618148983,0
Noah Ringler,0.011185528710484505,0
Noahkirk47,0.014872739790007472,0
Noam Chumpsky,0.006322265136986971,0
NurseKelsey (she/her) ,0.1303503280505538,0
Nydia,0.006865956587716937,0
OJEH,0.005967622390016913,0
OSINTtechnical,0.007421291433274746,0
OUATinaGalaxy,0.006796111352741718,0
Occasionally Occupied Transport,0.006914294324815273,0
Okeirany ,0.006943509913980961,0
Olivia Rodrigo,0.007707391865551472,0
OneNightSavage,0.0060547825414687395,0
Ontario Dad,0.007170251803472638,0
OpTic PisTola,0.006091865478083491,0
Optimus Slime,0.8724693655967712,1
Opulence Black,0.008929983712732792,0
Ottawa Police,0.02526413183659315,0
P?E?T?E?R?.,0.008189447224140167,0
PJ,0.006789819337427616,0
Paladins: The Game,0.023479996249079704,0
Paleoman M.D. ,0.029443776234984398,0
Pamela Hay,0.014043219853192568,0
Paper Magazine,0.005168635863810778,0
Pat,0.006853731814771891,0
Patricia Mc Grath,0.008727991798271736,0
Patrick Brazeau -Algonquin ,0.005666239187121391,0
Patrick Mahomes II,0.0068765615578740835,0
Patriot Ready,0.027067312970757484,0
PatriotMom,0.014898629393428564,0
PatriotTakes ,0.017469060607254505,0
Patty Prince,0.00583386467769742,0
Paul McElroy,0.012251405511051416,0
Paul Mitchell,0.053572198608890176,0
PaulB. ,0.0558784082531929,0
Paulo Herbert,0.006869520526379347,0
Pedrin,0.012314947322010994,0
Pepperoni Titties,0.008912550285458565,0
Perezvon60,0.008472788520157338,0
Peter McCormack ,0.1611652374267578,0
Phil Gould,0.007160180946812034,0
Pierre,0.012186829466372728,0
Pilyong Enhenyero,0.006669268943369389,0
PipsqueakFeverDream,0.00602740840986371,0
Pixels Of Our Life,0.009949477522500924,0
Politic@l Spinner,0.005757835693657398,0
Possum Queen,0.03230273746885359,0
President Biden,0.01489992393180728,0
Pro democracy. Get vaccinated. We all did,0.009800048545002937,0
PsyClops,0.006616001017391682,0
Pure Blood Patriot ,0.010108868591487408,0
R?u?k?i?a? B?l?a?c?k?e?,0.006986620603129268,0
RAB,0.007580863777548075,0
RDA,0.005792623075346152,0
RT,0.008403054438531399,0
Rachael,0.007711535785347223,0
RapTV,0.0056247226893901825,0
RaphÃ¤el Ø±ÙÙŠÙ‚ ğ“…“,0.3578772246837616,1
Raphï¿½el ???? ??,0.32033735513687134,1
Rastaâ„¢,0.005687033757567406,0
Rastaï¿½,0.005687033757567406,0
Ravenman,0.17811273141867584,0
Read-it Ralph,0.029067463474348187,0
RebelSaintArtemis,0.04926266148686409,0
Reecie @BlackWomenViews,0.16886325795203447,0
Resolute Bay (Rosie),0.009448321186937392,0
Restitutor Orbis,0.13086139903004682,0
Rhonda â€œFringe Minorityâ€ Peyton ,0.006844179937615991,0
Rhonda ï¿½Fringe Minorityï¿½ Peyton ,0.008083925116807222,0
Rhys Keller | Your Life Yoda,0.006736507173627615,0
Rick Madonik ,0.008420998696237803,0
Rob Mazurek,0.020128581672906876,0
Robert Boehme,0.00908050499856472,0
Robert C. Seacord,0.006460379343479872,0
"Roberta ""just another sheeple"" Laurie",0.007258711848407984,0
Rocket2865,0.5024851402267814,1
Rogue,0.012563700787723064,0
Ron Filipkowski,0.633668839931488,1
Ross â€œIn My Humble Opinionâ€ Jarvis,0.006014510057866573,0
Ross ï¿½In My Humble Opinionï¿½ Jarvis,0.006014510057866573,0
Rotciv Werdlem,0.9153589904308319,1
Royal Suitor / R.S. Locke,0.007507336093112826,0
Rupert Evelyn,0.006566490279510617,0
Russian Embassy in USA ,0.008641142398118973,0
"Russian Embassy, UK",0.006959407357499003,0
RyF,0.006076888646930456,0
Ryan,0.01033923914656043,0
Ryan K,0.007039631716907024,0
Ryan MacDonald,0.01300719939172268,0
Ryan Rishaug,0.00910917203873396,0
Ryan Zohoury,0.006867171498015523,0
RÍŸuÍŸkÍŸiÍŸaÍŸ BÍŸlÍŸaÍŸcÍŸkÍŸeÍŸ,0.007375536719337106,0
S John,0.14226744137704372,0
SERENITY HOW!?,0.005446528783068061,0
SM,0.010101932100951672,0
SR,0.01938394270837307,0
SWXRightNow,0.005365008022636175,0
SaD.,0.009044620208442211,0
Sad CUPkii ,0.007644365541636944,0
Safoora Zargar,0.01788274198770523,0
Sam (wants interaction),0.011837690137326717,0
Sandy Garossino,0.0063066924922168255,0
Sarah perkins,0.0057093193754553795,0
Sare Davuto?lu,0.009373115375638008,0
Sare DavutoÄŸlu,0.008378678932785988,0
Scrafted,0.0055070980452001095,0
Sean Chiplock ,0.008106794208288193,0
Sean Donnelly,0.005743620335124433,0
Sean Kennedy (aka MacGyver),0.009471611119806767,0
Selma,0.006821288727223873,0
Servis kompjutera Beograd,0.006672457559034228,0
Sexy Craig (cute arc) ,0.006733674556016922,0
Shalter EgoÅ¡,0.008106170454993844,0
Shawn Dunning,0.006062063078085582,0
Shelby,0.01768147014081478,0
Shelley,0.00695931538939476,0
Sherry Reis ,0.007521807216107845,0
Shion Uzuki,0.006324368342757225,0
Shyam Meera Singh,0.022756670136004686,0
Sigrun Moon,0.04527504136785865,0
Sissy is Embarrassed By Shih Tzu Say,0.013546835631132126,0
Skiffy McGee,0.009488045237958431,0
Softie || THE YUZURU HANYU OLYMPICS,0.007280271500349045,0
Sophie Corcoran,0.04894302226603031,0
Souz,0.005613245069980621,0
SpacWatch25,0.02873963334908088,0
Spandexgivesmethecreeps,0.7831984162330627,1
Spiritual Word,0.01442201342433691,0
Squints,0.0058414204977452755,0
Squirrel Bobber,0.006337116938084364,0
Srdjan Dragojevic,0.0077497398015111685,0
St Annes CC ,0.0048227624502032995,0
Stacy Rasgon,0.0061600087210536,0
Star Tribune,0.0056560063967481256,0
Star!,0.006277057807892561,0
Steph,0.005711472127586603,0
Stephen Jones,0.010400630134556974,0
Stephen Marche,0.00507376017048955,0
Stephy B,0.008310459554195404,0
Steve,0.024742841720581055,0
Steve Merrick,0.006523939780890942,0
Steven Clark,0.4128265008330345,1
Steven Crowder,0.023503979668021202,0
Steven Morris ,0.005795264150947332,0
Stevie Ann,0.007658841088414192,0
Stormy cat,0.009090013802051544,0
Subject : Re,0.00726581085473299,0
Sue (HermesNinja),0.01592154987156391,0
SugarMagnolia,0.005513358395546675,0
Suit24601,0.6077708601951599,1
Support Independent Media,0.005802449770271778,0
Sven Gustafson,0.008567403070628643,0
Sven Henrich,0.008736418560147285,0
THEE Cheeky Ginger,0.0062780836597085,0
THE_MANTIS,0.01697804220020771,0
TL,0.015783842653036118,0
TNT,0.030211948323994875,0
TaNautica,0.008561205118894577,0
Tajuden Soroush,0.030424804892390966,0
Talia Thrace,0.01730182006334265,0
Tanjiro #RestEazyGachaTalks,0.01948440819978714,0
Tduns,0.00935437437146902,0
TechHelp,0.0056145391426980495,0
Teehee,0.01735154166817665,0
TeepTap,0.0061888061463832855,0
Tej,0.005422986578196287,0
TemanSedih?,0.010026459582149982,0
TemanSedihî¨€,0.010026459582149982,0
Texas Born Texan: Directorâ€™s Cut,0.00653057498857379,0
Texas Born Texan: Directorï¿½s Cut,0.00653057498857379,0
That Girl 365,0.008140495279803872,0
The Cat =^.^= ,0.0059423903003335,0
The Family Soup Company,0.005414151586592197,0
The Globe and Mail,0.006024384405463934,0
The Great Abisola,0.0067345448769629,0
The Jewish Ginger Resister,0.007188769523054361,0
The Marvelous Mrs. Maisel,0.005581055302172899,0
The National,0.0054250494576990604,0
The New York Times,0.005404805298894644,0
The Riddler,0.04764875099062919,0
The Sadies,0.005169779062271118,0
The Washington Post,0.00509107019752264,0
TheNCSmaster,0.00914680678397417,0
TheRitter,0.03617281746119261,0
TheShdwLordApe ,0.007399724330753088,0
TheZombienator,0.006087237503379583,0
ThemeParkChasers ,0.006894756807014346,0
Thomas Czerniawski,0.005710637662559748,0
Thy ???? #LeniKiko2022,0.007987361090878645,0
Thy æˆ‘æ˜¯åŠ›é‡ #LeniKiko2022,0.006485740654170513,0
"Tim Hinchliffe, Photographer.",0.06930458173155785,0
Tired. Dad. Writer.,0.005103722447529435,0
Tom,0.017111269198358058,0
Tom Fitton,0.00937885046005249,0
Tom Oâ€™Hanlon,0.0071996646001935005,0
Tom Oï¿½Hanlon,0.0071996646001935005,0
Tom Parkin,0.012818967923521996,0
Tom is vaxxed and boosted,0.015560343861579895,0
Travis Never Broke Again,0.007346179491529862,0
Trev,0.006267638877034187,0
Triggered Ginger,0.005943451309576631,0
Trippy Ty ,0.005984120769426227,0
Trotty,0.010593263432383537,0
Troy,0.006374710006639361,0
TrueDerekSloan,0.014647425152361393,0
TwatterTit - My name is not Refugee,0.010736666386947036,0
UPoC - United Photojournalists of Canada,0.005805718246847391,0
US Army Veteran,0.010670043528079987,0
Ultra Cammy,0.014541694894433022,0
UngodlyHomeschoolers ,0.006537780165672302,0
Unlovable Finnek ,0.009856512863188982,0
Utdgodfather,0.0063993860967457294,0
V,0.008902124129235744,0
VIVA,0.01460214052349329,0
Val ,0.9510563611984253,1
Vancouver Missy,0.005784202367067337,0
Vaxxed & Boosted EMC,0.19624884771183132,0
Vector,0.008482519537210464,0
Vicki Campbell ,0.006389594171196222,0
Victoria Bueno,0.005542374914512038,0
Vin Okaw,0.010418141260743141,0
Vonn.,0.007852507755160332,0
Vouis Luitton,0.01560569554567337,0
Vulkan Vucic,0.007573818943152825,0
VyceVictus,0.007433142513036728,0
W.,0.01608327403664589,0
WC1804-LH8X ,0.0417741104029119,0
WIENER,0.007487282156944275,0
WPLG Local 10 News,0.019113382324576378,0
WRAL OutandAbout,0.005030346568673849,0
"Waja, Charles Fatau Waja",0.00794895924627781,0
Wardus Rigor Mortis,0.010983647778630257,0
Warrior of light,0.005089164711534977,0
Watcher.Guru,0.00590473972260952,0
Watching the Throne,0.005595411639660597,0
WaterBoy.eth | Nomad Blvd,0.01984442677348852,0
WiFry,0.3080031927675009,1
Will Cover,0.014921439811587334,0
Will Warren,0.008407511282712221,0
William White,0.009828045964241028,0
Wings And Rockets,0.015521325170993805,0
Winifred Davies ,0.007880458049476147,0
Winkitty? ,0.009488632436841726,0
Winkittyâ· ,0.007734254002571106,0
Wittgenstein,0.01261145155876875,0
Wolfie,0.007654870394617319,0
Wooglin ,0.006276608910411596,0
World of Engineering,0.0069534024223685265,0
XRPFax,0.006660684943199158,0
XRPumpkin,0.008002354204654694,0
Xolani,0.02019854262471199,0
Xtina,0.013073221780359745,0
Y U K I O (????)?,0.008387483656406403,0
Y U K I O (ã£â—”â—¡â—”)ã£,0.008269862644374371,0
Your Vagesty,0.0064336710299054784,0
Yusuf Abramjee,0.02065675426274538,0
ZUBY:,0.007291334215551615,0
Zeddy,0.005582659039646387,0
Zoe,0.008285452611744404,0
"Zoopa ""Zoop"" Loopa ",0.008652247488498688,0
adrichat luvr ?,0.005792384967207909,0
adrichat luvr â™¡,0.005792384967207909,0
afonso o baboso,0.009702335856854916,0
aga | 4Aq ,0.005577587056905031,0
aixa,0.011084369383752346,0
alex,0.03581545758061111,0
alvie,0.005439677741378546,0
alyssa,0.007835591910406947,0
angy :),0.2331972715910524,0
anna ,0.012715301127173007,0
araragi,0.005274644587188959,0
arâ€ ax,0.007066524587571621,0
arï¿½ax,0.007066524587571621,0
ash,0.012293385341763496,0
asterix.asterix,0.13752955038632667,0
austyn with an ,0.009280289988964796,0
beanie ,0.011372303823009133,0
beautytools4u,0.008000693283975124,0
berry. ? ?????,0.009741198038682342,0
berry. â™¡ ã†ã¡ã¯ä¸€æ—,0.009741198038682342,0
beverly hernandez,0.007687123958021402,0
bianchini,0.008883001282811165,0
bort.tv,0.0156688392162323,0
capa ajuan,0.00679889612365514,0
carina,0.006302708759903908,0
ccoconut,0.006476417649537325,0
char ,0.0074227601289749146,0
connor b,0.16202487424016,0
cowboy renegade,0.016408580044905346,0
csymmonds,0.2657802700996399,1
dalena ,0.008212773595005274,0
dani ? is driving home 2 u,0.016109241638332605,0
dani âœ¿ is driving home 2 u,0.016109241638332605,0
daniel ,0.008419571444392204,0
danielle x,0.010051771067082882,0
datatosee.com,0.5811477303504944,1
days without a george stream,0.006358639802783728,0
daze ,0.007834368851035833,0
debbie gatlin,0.01304807048290968,0
deema ,0.006624163128435612,0
destiny/keats: dk hobi & vernon day ,0.005610967520624399,0
dildo_baggins,0.19894205033779144,0
disasteradio / eyeliner in 2 person horse costume,0.006013270001858473,0
dodo,0.006477796006947756,0
dohaalsaleh,0.03043838683515787,0
dominic dyer,0.006819932721555233,0
drippin so pretty,0.0061691629234701395,0
e? ,0.00800489541143179,0
eiraM yelhsA,0.006653893273323774,0
el,0.00847957655787468,0
eleanor,0.02086804062128067,0
ellipsi.,0.006658891681581736,0
eny !!,0.0060049244202673435,0
eve,0.00923631526529789,0
eâ» ,0.00800489541143179,0
fairy,0.007607139414176345,0
fede p,0.00719261650616924,0
fringeeeeeRN,0.005799371749162674,0
gab,0.0055982377380132675,0
gemma is reading ,0.012200572527945042,0
gmoney.eth,0.006425852887332439,0
green bean,0.0074489968828856945,0
h,0.007335333153605461,0
han,0.008813824504613876,0
han ??? 196 | new art!!,0.00795412715524435,0
han â˜ºï¸ï¸ 196 | new art!!,0.00795412715524435,0
helen,0.008874379098415375,0
hisu best girlâ€¦ love u baby,0.35241931630298495,1
hisu best girlï¿½ love u baby,0.19280079302067557,0
i dont know who sora is,0.007335794856771827,0
i eat ice (and men),0.00607795175164938,0
in my migraine era,0.01152723329141736,0
ionic breeze quadra,0.02234659530222416,0
izzy,0.011929493863135576,0
j-hope,0.008119764854200184,0
jada,0.05957804620265961,0
jason Smith,0.0794162005186081,0
jay,0.005698326509445906,0
jay ?,0.008731984533369541,0
jay â™¡,0.008731984533369541,0
jayanti,0.006275867344811559,0
jcafarley,0.0072049531154334545,0
jenn :),0.005621590185910463,0
jerem ,0.006400338606908917,0
jerema,0.008571465499699116,0
jessie??,0.005065058823674917,0
jessieãƒŸâ˜†,0.005065058823674917,0
jimin's gf,0.007380224298685789,0
jude,0.006059798877686262,0
judyann451,0.006468068459071219,0
juicy j,0.01876869611442089,0
juliet,0.005812674993649125,0
jumpinglamps,0.0075338128954172134,0
jupiter,0.007633788511157036,0
justmyname,0.00799885904416442,0
juststarstuff,0.005712953396141529,0
k / ash ? ,0.008318716660141945,0
kaitlyn,0.007412343751639128,0
kasper,0.006517316680401564,0
katalina,0.020398129398624103,0
keirs,0.006513270549476147,0
kinkigam1977,0.0058526096399873495,0
kins ,0.007434531347826123,0
kira ?? ?ï¿½s v!,0.005480446387082338,0
kira â€â· â™¡â€™s v!,0.005480446387082338,0
krystal,0.007223506807349622,0
krzys,0.00619631027802825,0
kya,0.3217899166047573,1
lala ,0.7888057231903076,1
lamb's wool,0.022815902717411518,0
lc does her own research,0.03373264521360397,0
leigh,0.008812646381556988,0
lemon ,0.008499109884724021,0
lisa y. litwiller,0.005330844782292843,0
liv,0.006727570202201605,0
liz,0.007123259827494621,0
lizard ,0.012016568682156503,0
louis tomlinson tour,0.007642134092748165,0
love yourz ???,0.0067719086073338985,0
love yourz â—¤âœ â—¢,0.0067719086073338985,0
lucy,0.0072091591012265,0
lukey 9000 degreezÂ®(),0.014573687687516212,0
lukey 9000 degreezï¿½(),0.014573687687516212,0
luÃ­sa,0.00951089640147984,0
luï¿½sa,0.013474583392962813,0
macro fan,0.01335036102682352,0
magnus defender,0.015505027025938034,0
magui,0.05500893294811249,0
mai ,0.02062073815613985,0
maisie,0.1525028612522874,0
mari ? yae miko haver,0.007319897413253784,0
mari â™¡ yae miko haver,0.007371395826339722,0
mariana Z,0.005919096525758505,0
marilyn gober,0.007380658062174916,0
marlena ?,0.005756017751991749,0
marlena â¦,0.005756017751991749,0
mathieu | 90,0.009121714625507593,0
mawt,0.026003753766417503,0
mcogsthethriceborn,0.005737288622185588,0
medusa,0.007668242556974292,0
megan,0.009941614232957363,0
megs,0.03506660461425781,0
meow maybe?,0.005458066123537719,0
miffyx,0.014414345263503492,0
mims ? XEL DAY T-17,0.01946956346121927,0
mims â™¡ XEL DAY T-17,0.019527269216875236,0
mintpinne,0.006438380805775523,0
miss minutes ,0.01621890254318714,0
misscxxt ,0.0058653466403484344,0
miy || lets be moots!,0.007245954591780901,0
mr stress,0.006917271297425032,0
mrdtap99,0.010777351446449757,0
murilo,0.005370710976421833,0
mustardman,0.008067366667091846,0
nanaama,0.006342289503663778,0
nat ,0.007719552610069513,0
ndweiss. A brokedown palace. A jezebel.,0.007090832805261016,0
neo,0.009284333791583776,0
nesnadjena,0.006454845424741507,0
news.com.au,0.008361485786736012,0
nex loves mon ,0.006426957901567221,0
nicole ??,0.007789803668856621,0
nicole ğ“†™,0.007789803668856621,0
nike (VOTE ENHYPEN ON TTA),0.0062083047814667225,0
nikki 114,0.01912689721211791,0
ocean ,0.006627731956541538,0
owain,0.02916469717664378,0
padmï¿½ ? fivesï¿½ wife,0.008499758318066597,0
patto,0.006239978596568108,0
phil,0.011523309163749218,0
pierrepoilievre,0.0063586789183318615,0
ping r,0.006622835993766785,0
pluto,0.010871990583837032,0
pokimane,0.013090214692056179,0
prodbyrick,0.00877283327281475,0
puck! ,0.006303250789642334,0
rAiNieR,0.006408565677702427,0
raffa,0.006285292329266667,0
rap pics that go hard,0.005246901419013739,0
reb,0.006082579493522644,0
rebekkauh ,0.008620723150670528,0
reiker [moot],0.00889663863927126,0
richlux713,0.9651673436164856,1
rosanna arquette,0.008372951298952103,0
royal,0.005699850618839264,0
royal blue,0.007617556334783633,0
ryan hayhurst,0.01812121272087097,0
ryck,0.006719344994053245,0
sai,0.007713718805462122,0
sam,0.006000726483762264,0
sam ):),0.00930831115692854,0
saph,0.007906121900305152,0
sarah,0.009355680085718632,0
scary spice,0.01321747452020645,0
sendÅ¾a,0.008302929811179638,0
sendï¿½a,0.007415726315230131,0
seven possums in an afi hoodie,0.007475939462892711,0
shaine,0.005955047439783812,0
shawn michelsen,0.02081848680973053,0
shu ota,0.008972379611805081,0
sirius ??,0.0107374363578856,0
sirius ğ–¤,0.010026810690760612,0
smoothie,0.006833336316049099,0
snowboiiii,0.007950215367600322,0
somechewlip,0.009103036136366427,0
str3tch,0.010211517103016376,0
stuart hammond,0.007588774897158146,0
sunny !!,0.005756350699812174,0
suzanna,0.007022703066468239,0
suâ€™s handholder,0.00605930807068944,0
suï¿½s handholder,0.00605930807068944,0
t ?,0.009295440589388212,0
t âˆ,0.009295440589388212,0
t. kendal mintcake,0.00710019888356328,0
tasha is tired? ,0.006637992803007364,0
tasha is tiredâ· ,0.006637992803007364,0
tei,0.008781478740274906,0
thatoneguy,0.010430316207930446,0
the j.,0.00812378479167819,0
the rennverse,0.008323530045648416,0
total BarÃ§a,0.006242448464035988,0
total Barï¿½a,0.006242448464035988,0
ttv/hey_olivia_,0.005641140975058079,0
ugu,0.0071240671289463835,0
valen perez,0.009354617446660995,0
valentine ?,0.10475341975688934,0
valentine â˜†,0.10475341975688934,0
vi & paz ,0.009843204636126757,0
vinne,0.009791445918381214,0
violet ,0.012604821007698774,0
vis ? ):),0.008847522859772047,0
vis â· ):),0.00904187886044383,0
yecisscience,0.005992397665977478,0
ymir,0.007443808950483799,0
you come to me with...LOVE?!,0.008416980504989624,0
za,0.006007794290781021,0
zumi,0.0060725039802491665,0
~?Lance?~,0.007226568181067705,0
~â—‡Lanceâ™¡~,0.007060314994305372,0
Â°ã€‹Desireeã€ŠÂ°,0.0065877302549779415,0
Ãine C,0.005839108023792505,0
Ã„Ã±jÃ¥ RÃªÃ±,0.006102998275309801,0
Ë¢Ë¡â±áµÊ°áµ—Ë¡Ê¸ áµƒáµ‡áµ’áµ›áµ‰ á´€á´ á´‡Ê€á´€É¢á´‡ josh,0.0077839018777012825,0
ĞÑ‚Ğ°Ğ¼Ğ°Ğ½ Ğ·Ğ°Ğ“Ğ»Ğ¸Ğ±Ñ™Ğ°Ğ½ÑĞºĞ¸,0.009448317810893059,0
Ğ’Ğ»Ğ°Ğ´Ğ¸Ğ¼Ğ¸Ñ€ Ğœ.Ğ“Ğ°Ñ˜Ğ¸Ñ›,0.013865754008293152,0
Ğ¯ÎD PILL LÎD ,0.007513538934290409,0
Ñ€Ğ°Ğ´Ğµ,0.006579144857823849,0
Ø­Ù…Ø²Ù‡ Ø±ÙˆÙ…Ø§,0.012420112267136574,0
Ù‹,0.0060370806604623795,0
Ù‹ ğ“‚‹ âŸ¢ kristine,0.008537797722965479,0
á´‹Éªá´ Êœá´‡Éªá´Šá´…á´‡É´Ê€Éªá´Šá´‹,0.008135802112519741,0
á´¹á´¬á´¹á´®á´¬ á´¹á´±á´ºáµ€á´¬á´¸á´µáµ€áµ,0.008204898098483682,0
áµâ¿áµâ±áµ‰á´¹áµ’â¿áµâ±áµ‰,0.007582186721265316,0
â€Ù‹,0.028678879607468843,0
â€˜The Dr. Debra Soh Podcastâ€™ is on all platforms,0.015019587241113186,0
â€¢Â°kokomiÂ°â€¢,0.005887174047529697,0
âŠ¹,0.007153935031965375,0
â”‰â”‰ ğ’–ğ’”ğ’‚ğ’ğ’ğ’„ğ’Œ .áŸ ,0.017914995551109314,0
â–¹ğ•‚ğ•šğ•£ğ•–ğ•š,0.014637892134487629,0
â™¡,0.009270960465073586,0
â™¡ â–ªï¸bambi: astro brainrot actuallyâ–ªï¸â™¡,0.0073199644684791565,0
âš’ï¸(((,0.010491060791537166,0
â›§LEADER OF OLD SPORT CULTâ›§,0.006354242563247681,0
âœ© ğ‘³ğ’–ğ’„ğ’Šğ’‡ğ’†ğ’“ ğ‘´ğ’ğ’“ğ’ğ’Šğ’ğ’ˆğ‘ºğ’•ğ’‚ğ’“ âœ©||RP,0.005741230522592862,0
âœ·Raskolnikovâœ·,0.006675466429442167,0
ãµãã–ã‚@ï¾‰Â¨ï¼ˆãƒœã‚±æ®ºã—æ‹…å½“ï¼‰,0.008635296020656824,0
ã‚­ãƒªã‚¨ãƒ³äº”å,0.059097909135743976,0
ãƒˆãƒŸã‚¤,0.007405481301248074,0
ãƒ•ã‚©ãƒ¼ãƒŸãƒ¥ãƒ©,0.012626095364491144,0
æ¢…ã¨ã‚ã‚ã†ã©ã‚“ã“,0.011174456216394901,0
ç”˜åˆ©å­ã‚ã‡å¤ª,0.007940074428915977,0
ç¦å¨ƒ | fuwa,0.007569500245153904,0
êª—êª®êªŠ'á¥…ê«€* ,0.007038558833301067,0
ë¯¼ìˆ˜ì‹¸ëµ¹,0.01225180784240365,0
ì‚¬ì´ë“œ ê¹œë‘¥ì´,0.017141936346888542,0
ì†Œë‚™ë¹„ ì£¼ì¸ì¥,0.019949624314904213,0
í¬ë§,0.009671841748058796,0
î¨€Ms,0.31718745548278093,1
ï¿½?Desiree?ï¿½,0.0065877302549779415,0
ï¿½Dreckitude!ï¿½ #RIPALT,0.006194134708493948,0
ï¿½The Dr. Debra Soh Podcastï¿½ is on all platforms,0.015019587241113186,0
ï¿½ine C,0.005839108023792505,0
ï¿½ï¿½jï¿½ Rï¿½ï¿½,0.006102998275309801,0
ğ€ğ‹ğ…ğ„ğğƒğˆ ğ‹ğ€ğ˜ğ“ğğ.,0.008651761338114738,0
ğˆğ’ğ‡ğ“ğ„ğ˜,0.09629526734352112,0
ğ‘ƒğ‘Ÿğ‘œğ‘“ğ‘’ğ‘ ğ‘ ğ‘œğ‘Ÿ ğ´ğ‘Ÿğ‘šğ‘–ğ‘¡ğ‘ğ‘”ğ‘’ ğ»ğ‘¢ğ‘¥ (H),0.015186998527497053,0
ğ‘¨ğ’šğ’ğ’‚!,0.014963241294026375,0
ğ‘³ğ’Šğ’,0.007250678725540638,0
ğ”ğ”¬ğ”¥ğ”« ğ”šğ”¦ğ”«ğ” ğ”¥ğ”¢ğ”°ğ”±ğ”¢ğ”¯,0.8839489221572876,1
ğ•‚ğ•’ğ•ªğ•ğ•’ #BELIEVEBRITNEY #FREEKESHA #FREEAMANDA,0.015456726308912039,0
ğ•´ğ–‘ğ–‘ğ–šğ–’ğ–ğ–“ğ–†ğ–™ğ– ğ–ğ–ğ–‘ğ–‘ğ–Šğ–—,0.011477931402623653,0
ğ•¸ğ–”ğ–“ğ–ğ–Šğ–.ğ•¯.ğ•¾ğ–†ğ–—ğ–†-âµ£,0.007601821329444647,0
ğ–˜ğ–ğ–†ğ–’ğ–Šğ–‘ğ–Šğ–˜ğ–˜ğ–Œğ–”ğ–”ğ–“ğ–Šğ–— î¨€,0.009528874419629574,0
ğ˜¼ğ™ğ™ƒğ™€ğ™ ,0.010560828261077404,0
ğ™¤ğ™¬ğ™šğ™£,0.31293253344483674,1
ğ™°ğš•ğš˜ğš—ğš ğšŠğš ğ™½ğš’ğšğš‘ğš,0.010235367342829704,0
ğŸ…²ğŸ…´ğŸ…½ğŸ†ƒğŸ…´ğŸ†-ğŸ†ğŸ…¸ğŸ…¶ğŸ…·ğŸ†ƒ,0.00863694993313402,0
ğŸ…¸ğŸ…½ğŸ…³ğŸ†ˆ ğŸ†ğŸ…´ğŸ…µğŸ†„ğŸ…¶ğŸ…´ğŸ…´,0.007491762517020106,0
